date,arm,strategy,return,turnover
2023-01-03,A,MV,0.02868266592660229,0.0
2023-01-03,A,EW,0.07096195156044893,0.0
2023-02-01,A,MV,-0.061903095225722266,1.321982597431466
2023-02-01,A,EW,-0.04310596081417419,0.0
2023-03-01,A,MV,-0.036549360367599495,1.934882487615366
2023-03-01,A,EW,0.0287940194733109,0.0
2023-04-03,A,MV,0.023320748403310665,1.910961413046678
2023-04-03,A,EW,0.008719424013100118,0.0
2023-05-01,A,MV,-0.04668343279899624,1.4516040408687545
2023-05-01,A,EW,-0.017791138120555137,0.0
2023-06-01,A,MV,0.09955249789635758,1.9999999999999996
2023-06-01,A,EW,0.0621683630780016,0.0
2023-07-03,A,MV,0.03204809929233968,2.0000000000000004
2023-07-03,A,EW,0.025573204645727557,0.0
2023-08-01,A,MV,-0.02690053171682989,0.93262621120866
2023-08-01,A,EW,-0.016914479066609884,0.0
2023-09-01,A,MV,-0.046328448803245645,2.0
2023-09-01,A,EW,-0.05383637851263996,0.0
2023-10-02,A,MV,0.061436882834914115,2.000000000000001
2023-10-02,A,EW,-0.008640243909215382,0.0
2023-11-01,A,MV,0.09526903377748641,2.0000000000000004
2023-11-01,A,EW,0.08105475080906545,0.0
2023-12-01,A,MV,0.035161541962888294,2.0
2023-12-01,A,EW,0.03669573178512339,0.0
2024-01-02,A,MV,0.010804285823653123,1.0209233298271665
2024-01-02,A,EW,0.0092171690623368,0.0
2024-02-01,A,MV,0.019347336017066258,0.5074995108524695
2024-02-01,A,EW,0.035166574472828054,0.0
2024-03-01,A,MV,0.02767382246575866,1.1873451130461987
2024-03-01,A,EW,0.029960419669224816,0.0
2024-04-01,A,MV,-0.03816169970747501,0.9683445227079399
2024-04-01,A,EW,-0.034491189912724915,0.0
2024-05-01,A,MV,0.06375660937989293,1.6109992551516041
2024-05-01,A,EW,0.033352066252752714,0.0
2024-06-03,A,MV,0.045873213266184605,2.0
2024-06-03,A,EW,0.006652549227674755,0.0
2024-07-01,A,MV,0.01089687199446061,2.0000000000000004
2024-07-01,A,EW,0.031094113717278417,0.0
2024-08-01,A,MV,-0.0020413089188651124,2.0
2024-08-01,A,EW,0.021042416771090745,0.0
2024-09-03,A,MV,0.03946149587299968,0.3850254454491052
2024-09-03,A,EW,0.035699875236592044,0.0
2024-10-01,A,MV,0.013853521986775898,1.868955256035192
2024-10-01,A,EW,-0.011964324085365552,0.0
2024-11-01,A,MV,0.05615302987879109,1.7623033684218432
2024-11-01,A,EW,0.05491351261629354,0.0
2024-12-02,A,MV,-0.016904616899876008,1.7623033684218434
2024-12-02,A,EW,-0.054881188223323996,0.0
2025-01-02,A,MV,0.053910196363326064,0.041980202198321
2025-01-02,A,EW,0.036316120881119726,0.0
2025-02-03,A,MV,-0.010250103702227308,1.1230082785225943
2025-02-03,A,EW,-0.0028903788532899403,0.0
2025-03-03,A,MV,-0.04558489233621064,1.0350879953822287
2025-03-03,A,EW,-0.0183487966513239,0.0
2025-04-01,A,MV,-0.0060096771087429085,1.4467642672805083
2025-04-01,A,EW,-0.022014161689891905,0.0
2025-05-01,A,MV,0.062232870945359474,8.94757236687394e-16
2025-05-01,A,EW,0.04211975394351322,0.0
2025-06-02,A,MV,0.03250542519468118,1.209285998507178
2025-06-02,A,EW,0.03313244686378299,0.0
2025-07-01,A,MV,-0.026273946540991383,0.8003084940063993
2025-07-01,A,EW,-0.006783136422818118,0.0
2025-08-01,A,MV,0.04903522453965769,1.136243208457101
2025-08-01,A,EW,0.02969538664197305,0.0
2025-09-02,A,MV,0.012228579235839377,1.9999999999999996
2025-09-02,A,EW,0.026727707449928022,0.0
2025-10-01,A,MV,-0.0051633017448791535,1.0997659227408048
2025-10-01,A,EW,-0.0071567412503295924,0.0
2025-11-03,A,MV,0.027040013806484537,1.0997659227408045
2025-11-03,A,EW,0.012454152058926336,0.0
2025-12-01,A,MV,-0.00033019678069417445,1.1265204509319862
2025-12-01,A,EW,0.012699321496240019,0.0
2026-01-02,A,MV,-0.011611713879900176,0.8734795490680137
2026-01-02,A,EW,0.033466784394076785,0.0
2026-02-02,A,MV,0.018241344094460456,2.0
2026-02-02,A,EW,0.03392435867260535,0.0
2026-03-02,A,MV,-0.07714467332897687,1.9999999999999991
2026-03-02,A,EW,-0.04283567895860119,0.0
2026-04-01,A,MV,0.05063120093064434,1.6664476785016844
2026-04-01,A,EW,0.050442608608225685,0.0
2026-05-01,A,MV,0.009618020916492408,2.0000000000000004
2026-05-01,A,EW,0.00399925171495896,0.0
2026-06-01,A,MV,-0.050667517399653916,2.0
2026-06-01,A,EW,0.013910275275995613,0.0
2026-07-01,A,MV,0.026806473904123388,2.0
2026-07-01,A,EW,0.009182019030125197,0.0
2023-01-03,B,MV,0.05292594441045832,0.0
2023-01-03,B,EW,0.07096195156044893,0.0
2023-02-01,B,MV,-0.07097420362394548,1.9999999999999996
2023-02-01,B,EW,-0.04310596081417419,0.0
2023-03-01,B,MV,-0.017215790222578003,1.5412138598763825
2023-03-01,B,EW,0.0287940194733109,0.0
2023-04-03,B,MV,0.028146962586464114,1.5097693034377602
2023-04-03,B,EW,0.008719424013100118,0.0
2023-05-01,B,MV,-0.022973024187689636,1.3799724499026267
2023-05-01,B,EW,-0.017791138120555137,0.0
2023-06-01,B,MV,0.0995524978963576,2.0000000000000004
2023-06-01,B,EW,0.0621683630780016,0.0
2023-07-03,B,MV,0.05206747533327549,2.0000000000000004
2023-07-03,B,EW,0.025573204645727557,0.0
2023-08-01,B,MV,-0.023289786268298477,4.451695646943682e-16
2023-08-01,B,EW,-0.016914479066609884,0.0
2023-09-01,B,MV,-0.0699697937360674,2.0
2023-09-01,B,EW,-0.05383637851263996,0.0
2023-10-02,B,MV,0.0001575591409019476,1.9999999999999998
2023-10-02,B,EW,-0.008640243909215382,0.0
2023-11-01,B,MV,0.09526903377748643,1.9999999999999996
2023-11-01,B,EW,0.08105475080906545,0.0
2023-12-01,B,MV,0.033334181525276944,1.9999999999999996
2023-12-01,B,EW,0.03669573178512339,0.0
2024-01-02,B,MV,0.04788697418395424,0.5803243449937793
2024-01-02,B,EW,0.0092171690623368,0.0
2024-02-01,B,MV,0.04233660532852497,0.4573147513911252
2024-02-01,B,EW,0.035166574472828054,0.0
2024-03-01,B,MV,0.041058172871902554,1.1347867476076694
2024-03-01,B,EW,0.029960419669224816,0.0
2024-04-01,B,MV,-0.036523984661894236,1.0388908022616812
2024-04-01,B,EW,-0.034491189912724915,0.0
2024-05-01,B,MV,0.05708824230049976,2.0000000000000004
2024-05-01,B,EW,0.033352066252752714,0.0
2024-06-03,B,MV,0.05721786536219414,2.000000000000001
2024-06-03,B,EW,0.006652549227674755,0.0
2024-07-01,B,MV,0.007529216890522865,1.9459192491215465
2024-07-01,B,EW,0.031094113717278417,0.0
2024-08-01,B,MV,0.018235459525645776,1.9459192491215456
2024-08-01,B,EW,0.021042416771090745,0.0
2024-09-03,B,MV,0.04243709576903412,0.41731648481536837
2024-09-03,B,EW,0.035699875236592044,0.0
2024-10-01,B,MV,0.02967072269961436,1.4207450001196669
2024-10-01,B,EW,-0.011964324085365552,0.0
2024-11-01,B,MV,0.06909457842539979,1.3087950873051184
2024-11-01,B,EW,0.05491351261629354,0.0
2024-12-02,B,MV,-0.02702463021846227,0.9430449050830451
2024-12-02,B,EW,-0.054881188223323996,0.0
2025-01-02,B,MV,0.054687506237643735,0.8880951537255044
2025-01-02,B,EW,0.036316120881119726,0.0
2025-02-03,B,MV,0.009364090167488513,2.0000000000000004
2025-02-03,B,EW,-0.0028903788532899403,0.0
2025-03-03,B,MV,-0.04143775721786813,2.0
2025-03-03,B,EW,-0.0183487966513239,0.0
2025-04-01,B,MV,-0.006009677108742913,7.692811393977308e-16
2025-04-01,B,EW,-0.022014161689891905,0.0
2025-05-01,B,MV,0.022277122762354183,1.9999999999999996
2025-05-01,B,EW,0.04211975394351322,0.0
2025-06-02,B,MV,0.05670133432946424,2.0000000000000004
2025-06-02,B,EW,0.03313244686378299,0.0
2025-07-01,B,MV,-0.005441789217099137,0.35007766938310225
2025-07-01,B,EW,-0.006783136422818118,0.0
2025-08-01,B,MV,0.023040335702364446,0.5224830492662182
2025-08-01,B,EW,0.02969538664197305,0.0
2025-09-02,B,MV,0.026280536180662492,1.0036737402060383
2025-09-02,B,EW,0.026727707449928022,0.0
2025-10-01,B,MV,0.0020255820901726876,1.3567735828161178
2025-10-01,B,EW,-0.0071567412503295924,0.0
2025-11-03,B,MV,-0.0035930250252372885,0.05714248106022522
2025-11-03,B,EW,0.012454152058926336,0.0
2025-12-01,B,MV,0.00031406671923865024,0.35731790012722314
2025-12-01,B,EW,0.012699321496240019,0.0
2026-01-02,B,MV,0.020906873350761666,1.1199436680727324
2026-01-02,B,EW,0.033466784394076785,0.0
2026-02-02,B,MV,0.0678684673900214,2.0
2026-02-02,B,EW,0.03392435867260535,0.0
2026-03-02,B,MV,-0.07227198533426663,0.20608295228458884
2026-03-02,B,EW,-0.04283567895860119,0.0
2026-04-01,B,MV,0.002013202744155552,1.8320795214463874
2026-04-01,B,EW,0.050442608608225685,0.0
2026-05-01,B,MV,0.1178928047519954,1.5181627536257936
2026-05-01,B,EW,0.00399925171495896,0.0
2026-06-01,B,MV,-0.05066751739965391,0.8080179698177596
2026-06-01,B,EW,0.013910275275995613,0.0
2026-07-01,B,MV,0.010245736082251728,2.0
2026-07-01,B,EW,0.009182019030125197,0.0
2023-01-03,A_changes,MV,0.08113217410641665,0.0
2023-01-03,A_changes,EW,0.07096195156044893,0.0
2023-02-01,A_changes,MV,-0.06380926674112253,0.801418004831278
2023-02-01,A_changes,EW,-0.04310596081417419,0.0
2023-03-01,A_changes,MV,0.03620336769917526,0.6744526016604678
2023-03-01,A_changes,EW,0.0287940194733109,0.0
2023-04-03,A_changes,MV,0.027010308236691045,2.0
2023-04-03,A_changes,EW,0.008719424013100118,0.0
2023-05-01,A_changes,MV,-0.018088785401482246,1.7057410632953718
2023-05-01,A_changes,EW,-0.017791138120555137,0.0
2023-06-01,A_changes,MV,0.07938368245312691,1.7057410632953711
2023-06-01,A_changes,EW,0.0621683630780016,0.0
2023-07-03,A_changes,MV,0.05206747533327549,1.792844048599611
2023-07-03,A_changes,EW,0.025573204645727557,0.0
2023-08-01,A_changes,MV,-0.023289786268298477,9.066416671157265e-16
2023-08-01,A_changes,EW,-0.016914479066609884,0.0
2023-09-01,A_changes,MV,-0.06629491528874112,1.3033272867953825
2023-09-01,A_changes,EW,-0.05383637851263996,0.0
2023-10-02,A_changes,MV,0.06996095129654048,0.7624575140538988
2023-10-02,A_changes,EW,-0.008640243909215382,0.0
2023-11-01,A_changes,MV,0.0523439269071735,0.11033237384728901
2023-11-01,A_changes,EW,0.08105475080906545,0.0
2023-12-01,A_changes,MV,0.02086052526750095,7.943001084220962e-16
2023-12-01,A_changes,EW,0.03669573178512339,0.0
2024-01-02,A_changes,MV,0.020428665562732404,1.0215267587748722
2024-01-02,A_changes,EW,0.0092171690623368,0.0
2024-02-01,A_changes,MV,-0.014372457169063518,1.0215267587748715
2024-02-01,A_changes,EW,0.035166574472828054,0.0
2024-03-01,A_changes,MV,0.05939105996996792,0.3759475969984346
2024-03-01,A_changes,EW,0.029960419669224816,0.0
2024-04-01,A_changes,MV,-0.04089103199707581,1.624052403001567
2024-04-01,A_changes,EW,-0.034491189912724915,0.0
2024-05-01,A_changes,MV,0.06375660937989291,0.979736757000906
2024-05-01,A_changes,EW,0.033352066252752714,0.0
2024-06-03,A_changes,MV,0.06253919744331936,1.7196458391614597
2024-06-03,A_changes,EW,0.006652549227674755,0.0
2024-07-01,A_changes,MV,-0.003327317620464047,1.4123366937783184
2024-07-01,A_changes,EW,0.031094113717278417,0.0
2024-08-01,A_changes,MV,0.02418908547072327,1.6926908546168584
2024-08-01,A_changes,EW,0.021042416771090745,0.0
2024-09-03,A_changes,MV,0.03501914603271848,0.4030503987653178
2024-09-03,A_changes,EW,0.035699875236592044,0.0
2024-10-01,A_changes,MV,-0.03427755739041366,1.781141455312095
2024-10-01,A_changes,EW,-0.011964324085365552,0.0
2024-11-01,A_changes,MV,0.06716765204780867,1.7811414553120952
2024-11-01,A_changes,EW,0.05491351261629354,0.0
2024-12-02,A_changes,MV,-0.030890369819282927,1.034843079450498
2024-12-02,A_changes,EW,-0.054881188223323996,0.0
2025-01-02,A_changes,MV,0.05468750623764373,0.914249284094081
2025-01-02,A_changes,EW,0.036316120881119726,0.0
2025-02-03,A_changes,MV,0.004312965298836291,1.5983741387124264
2025-02-03,A_changes,EW,-0.0028903788532899403,0.0
2025-03-03,A_changes,MV,-0.04109693394904187,1.4929995105239555
2025-03-03,A_changes,EW,-0.0183487966513239,0.0
2025-04-01,A_changes,MV,-0.006335407033601093,0.059142128773374825
2025-04-01,A_changes,EW,-0.022014161689891905,0.0
2025-05-01,A_changes,MV,0.051385822324707675,0.6384736817155267
2025-05-01,A_changes,EW,0.04211975394351322,0.0
2025-06-02,A_changes,MV,0.04421197340200605,0.7035796289081582
2025-06-02,A_changes,EW,0.03313244686378299,0.0
2025-07-01,A_changes,MV,-0.014077781932893241,0.9083164294414505
2025-07-01,A_changes,EW,-0.006783136422818118,0.0
2025-08-01,A_changes,MV,0.0015342916225074645,1.4890714033010752
2025-08-01,A_changes,EW,0.02969538664197305,0.0
2025-09-02,A_changes,MV,0.0476276543970375,1.5256936794195612
2025-09-02,A_changes,EW,0.026727707449928022,0.0
2025-10-01,A_changes,MV,-0.004861862458024116,1.1151353442603937
2025-10-01,A_changes,EW,-0.0071567412503295924,0.0
2025-11-03,A_changes,MV,-0.0022853713476688416,0.11428846015825676
2025-11-03,A_changes,EW,0.012454152058926336,0.0
2025-12-01,A_changes,MV,-0.0024450345870353648,0.164869135723978
2025-12-01,A_changes,EW,0.012699321496240019,0.0
2026-01-02,A_changes,MV,0.008948645019423766,0.4330414431393348
2026-01-02,A_changes,EW,0.033466784394076785,0.0
2026-02-02,A_changes,MV,0.06847754413611976,1.5659377485230963
2026-02-02,A_changes,EW,0.03392435867260535,0.0
2026-03-02,A_changes,MV,-0.07830062718835988,0.5835521155238301
2026-03-02,A_changes,EW,-0.04283567895860119,0.0
2026-04-01,A_changes,MV,-0.002034995431962147,2.000000000000001
2026-04-01,A_changes,EW,0.050442608608225685,0.0
2026-05-01,A_changes,MV,0.04408497236630547,0.7606463630261859
2026-05-01,A_changes,EW,0.00399925171495896,0.0
2026-06-01,A_changes,MV,-0.050667517399653875,1.4149831540210278
2026-06-01,A_changes,EW,0.013910275275995613,0.0
2026-07-01,A_changes,MV,0.005776437502262112,1.7478169643724786
2026-07-01,A_changes,EW,0.009182019030125197,0.0
2023-01-03,A_wo_Oil_WTI,MV,0.022636298477488867,0.0
2023-01-03,A_wo_Oil_WTI,EW,0.07096195156044893,0.0
2023-02-01,A_wo_Oil_WTI,MV,-0.06006955324589549,1.4269766269353197
2023-02-01,A_wo_Oil_WTI,EW,-0.04310596081417419,0.0
2023-03-01,A_wo_Oil_WTI,MV,-0.045601966223033585,2.0
2023-03-01,A_wo_Oil_WTI,EW,0.0287940194733109,0.0
2023-04-03,A_wo_Oil_WTI,MV,0.025526965675372586,1.868368522715981
2023-04-03,A_wo_Oil_WTI,EW,0.008719424013100118,0.0
2023-05-01,A_wo_Oil_WTI,MV,-0.03714837510159013,1.4964927534148358
2023-05-01,A_wo_Oil_WTI,EW,-0.017791138120555137,0.0
2023-06-01,A_wo_Oil_WTI,MV,0.08143293165661497,2.0000000000000004
2023-06-01,A_wo_Oil_WTI,EW,0.0621683630780016,0.0
2023-07-03,A_wo_Oil_WTI,MV,0.030843471569985084,2.0
2023-07-03,A_wo_Oil_WTI,EW,0.025573204645727557,0.0
2023-08-01,A_wo_Oil_WTI,MV,-0.031162244162133992,1.2655438504945682
2023-08-01,A_wo_Oil_WTI,EW,-0.016914479066609884,0.0
2023-09-01,A_wo_Oil_WTI,MV,-0.0470682619486457,1.966598872919013
2023-09-01,A_wo_Oil_WTI,EW,-0.05383637851263996,0.0
2023-10-02,A_wo_Oil_WTI,MV,0.07115759737949978,2.0
2023-10-02,A_wo_Oil_WTI,EW,-0.008640243909215382,0.0
2023-11-01,A_wo_Oil_WTI,MV,0.08058495224881801,1.9376121278266654
2023-11-01,A_wo_Oil_WTI,EW,0.08105475080906545,0.0
2023-12-01,A_wo_Oil_WTI,MV,0.03515837752338806,2.0000000000000004
2023-12-01,A_wo_Oil_WTI,EW,0.03669573178512339,0.0
2024-01-02,A_wo_Oil_WTI,MV,0.01448714630585137,0.8059270250878571
2024-01-02,A_wo_Oil_WTI,EW,0.0092171690623368,0.0
2024-02-01,A_wo_Oil_WTI,MV,0.017830974816338805,0.38772345221841864
2024-02-01,A_wo_Oil_WTI,EW,0.035166574472828054,0.0
2024-03-01,A_wo_Oil_WTI,MV,0.0348042231942155,1.0848908809645388
2024-03-01,A_wo_Oil_WTI,EW,0.029960419669224816,0.0
2024-04-01,A_wo_Oil_WTI,MV,-0.03786659074331177,0.7404758092925067
2024-04-01,A_wo_Oil_WTI,EW,-0.034491189912724915,0.0
2024-05-01,A_wo_Oil_WTI,MV,0.06375660937989291,1.6863300235694842
2024-05-01,A_wo_Oil_WTI,EW,0.033352066252752714,0.0
2024-06-03,A_wo_Oil_WTI,MV,0.04110092332171655,1.9999999999999998
2024-06-03,A_wo_Oil_WTI,EW,0.006652549227674755,0.0
2024-07-01,A_wo_Oil_WTI,MV,0.00990350048385326,2.0
2024-07-01,A_wo_Oil_WTI,EW,0.031094113717278417,0.0
2024-08-01,A_wo_Oil_WTI,MV,0.004585606424782065,1.9952436814578811
2024-08-01,A_wo_Oil_WTI,EW,0.021042416771090745,0.0
2024-09-03,A_wo_Oil_WTI,MV,0.03675783724770662,0.5684628050214974
2024-09-03,A_wo_Oil_WTI,EW,0.035699875236592044,0.0
2024-10-01,A_wo_Oil_WTI,MV,0.0002120937764627101,1.759713243231442
2024-10-01,A_wo_Oil_WTI,EW,-0.011964324085365552,0.0
2024-11-01,A_wo_Oil_WTI,MV,0.06041259049226755,1.3642633288487622
2024-11-01,A_wo_Oil_WTI,EW,0.05491351261629354,0.0
2024-12-02,A_wo_Oil_WTI,MV,-0.016904616899876004,1.3642633288487622
2024-12-02,A_wo_Oil_WTI,EW,-0.054881188223323996,0.0
2025-01-02,A_wo_Oil_WTI,MV,0.054687506237643714,8.466463940403141e-16
2025-01-02,A_wo_Oil_WTI,EW,0.036316120881119726,0.0
2025-02-03,A_wo_Oil_WTI,MV,-0.012226388205765947,1.4042962352580521
2025-02-03,A_wo_Oil_WTI,EW,-0.0028903788532899403,0.0
2025-03-03,A_wo_Oil_WTI,MV,-0.044783778599011906,0.8080948333858049
2025-03-03,A_wo_Oil_WTI,EW,-0.0183487966513239,0.0
2025-04-01,A_wo_Oil_WTI,MV,-0.0060096771087428955,1.167288750825684
2025-04-01,A_wo_Oil_WTI,EW,-0.022014161689891905,0.0
2025-05-01,A_wo_Oil_WTI,MV,0.05249232485892822,0.6882447980191456
2025-05-01,A_wo_Oil_WTI,EW,0.04211975394351322,0.0
2025-06-02,A_wo_Oil_WTI,MV,0.02634482371009183,1.428355066008228
2025-06-02,A_wo_Oil_WTI,EW,0.03313244686378299,0.0
2025-07-01,A_wo_Oil_WTI,MV,-0.02115271300946979,1.0205921800005275
2025-07-01,A_wo_Oil_WTI,EW,-0.006783136422818118,0.0
2025-08-01,A_wo_Oil_WTI,MV,0.049035224539657696,1.5363828409406235
2025-08-01,A_wo_Oil_WTI,EW,0.02969538664197305,0.0
2025-09-02,A_wo_Oil_WTI,MV,0.007979229508776116,1.9999999999999996
2025-09-02,A_wo_Oil_WTI,EW,0.026727707449928022,0.0
2025-10-01,A_wo_Oil_WTI,MV,-0.011589127287405993,1.1854497068091894
2025-10-01,A_wo_Oil_WTI,EW,-0.0071567412503295924,0.0
2025-11-03,A_wo_Oil_WTI,MV,0.02328157434115389,1.49533964932772
2025-11-03,A_wo_Oil_WTI,EW,0.012454152058926336,0.0
2025-12-01,A_wo_Oil_WTI,MV,-0.009219640873587148,1.5928421434639928
2025-12-01,A_wo_Oil_WTI,EW,0.012699321496240019,0.0
2026-01-02,A_wo_Oil_WTI,MV,-0.012636528772975084,0.40715785653600745
2026-01-02,A_wo_Oil_WTI,EW,0.033466784394076785,0.0
2026-02-02,A_wo_Oil_WTI,MV,0.02973299367059009,2.0
2026-02-02,A_wo_Oil_WTI,EW,0.03392435867260535,0.0
2026-03-02,A_wo_Oil_WTI,MV,-0.0671813090186432,1.5368802858997257
2026-03-02,A_wo_Oil_WTI,EW,-0.04283567895860119,0.0
2026-04-01,A_wo_Oil_WTI,MV,0.04300898670126665,2.0000000000000004
2026-04-01,A_wo_Oil_WTI,EW,0.050442608608225685,0.0
2026-05-01,A_wo_Oil_WTI,MV,-0.011277647262050034,1.7711154985553366
2026-05-01,A_wo_Oil_WTI,EW,0.00399925171495896,0.0
2026-06-01,A_wo_Oil_WTI,MV,-0.05066751739965392,1.89536464213203
2026-06-01,A_wo_Oil_WTI,EW,0.013910275275995613,0.0
2026-07-01,A_wo_Oil_WTI,MV,-0.004664227012360553,1.9999999999999996
2026-07-01,A_wo_Oil_WTI,EW,0.009182019030125197,0.0
2023-01-03,A_wo_USD_index,MV,0.03739717561663582,0.0
2023-01-03,A_wo_USD_index,EW,0.07096195156044893,0.0
2023-02-01,A_wo_USD_index,MV,-0.060370826283448545,1.0446653417034466
2023-02-01,A_wo_USD_index,EW,-0.04310596081417419,0.0
2023-03-01,A_wo_USD_index,MV,-0.0037429143973445804,1.6885976442400996
2023-03-01,A_wo_USD_index,EW,0.0287940194733109,0.0
2023-04-03,A_wo_USD_index,MV,0.02122729365398527,1.3870688472635968
2023-04-03,A_wo_USD_index,EW,0.008719424013100118,0.0
2023-05-01,A_wo_USD_index,MV,-0.03998411986855852,1.4622794927305125
2023-05-01,A_wo_USD_index,EW,-0.017791138120555137,0.0
2023-06-01,A_wo_USD_index,MV,0.09932999307297789,2.0000000000000004
2023-06-01,A_wo_USD_index,EW,0.0621683630780016,0.0
2023-07-03,A_wo_USD_index,MV,0.035207348830035366,2.000000000000001
2023-07-03,A_wo_USD_index,EW,0.025573204645727557,0.0
2023-08-01,A_wo_USD_index,MV,-0.024458563717880705,0.959656822282093
2023-08-01,A_wo_USD_index,EW,-0.016914479066609884,0.0
2023-09-01,A_wo_USD_index,MV,-0.040608943365918235,1.548513019874027
2023-09-01,A_wo_USD_index,EW,-0.05383637851263996,0.0
2023-10-02,A_wo_USD_index,MV,0.06012426915132531,1.9999999999999991
2023-10-02,A_wo_USD_index,EW,-0.008640243909215382,0.0
2023-11-01,A_wo_USD_index,MV,0.09526903377748641,2.0
2023-11-01,A_wo_USD_index,EW,0.08105475080906545,0.0
2023-12-01,A_wo_USD_index,MV,0.03511610050679356,2.0
2023-12-01,A_wo_USD_index,EW,0.03669573178512339,0.0
2024-01-02,A_wo_USD_index,MV,0.015297006857276734,0.8971966471086303
2024-01-02,A_wo_USD_index,EW,0.0092171690623368,0.0
2024-02-01,A_wo_USD_index,MV,0.016708884740468125,0.4703692908333636
2024-02-01,A_wo_USD_index,EW,0.035166574472828054,0.0
2024-03-01,A_wo_USD_index,MV,0.026961117649769436,1.237965459581274
2024-03-01,A_wo_USD_index,EW,0.029960419669224816,0.0
2024-04-01,A_wo_USD_index,MV,-0.03858869220566785,1.0506785871859907
2024-04-01,A_wo_USD_index,EW,-0.034491189912724915,0.0
2024-05-01,A_wo_USD_index,MV,0.06375660937989293,1.4106663010537883
2024-05-01,A_wo_USD_index,EW,0.033352066252752714,0.0
2024-06-03,A_wo_USD_index,MV,0.05457492493104573,1.9999999999999998
2024-06-03,A_wo_USD_index,EW,0.006652549227674755,0.0
2024-07-01,A_wo_USD_index,MV,0.009895340831705087,2.0000000000000004
2024-07-01,A_wo_USD_index,EW,0.031094113717278417,0.0
2024-08-01,A_wo_USD_index,MV,-0.0020413089188651154,2.0
2024-08-01,A_wo_USD_index,EW,0.021042416771090745,0.0
2024-09-03,A_wo_USD_index,MV,0.031338219062604596,0.6907643516694707
2024-09-03,A_wo_USD_index,EW,0.035699875236592044,0.0
2024-10-01,A_wo_USD_index,MV,0.01543110595159891,2.0
2024-10-01,A_wo_USD_index,EW,-0.011964324085365552,0.0
2024-11-01,A_wo_USD_index,MV,0.05793305006442809,1.5823869794824728
2024-11-01,A_wo_USD_index,EW,0.05491351261629354,0.0
2024-12-02,A_wo_USD_index,MV,-0.016904616899876018,1.582386979482473
2024-12-02,A_wo_USD_index,EW,-0.054881188223323996,0.0
2025-01-02,A_wo_USD_index,MV,0.054687506237643735,1.0165700923537531e-15
2025-01-02,A_wo_USD_index,EW,0.036316120881119726,0.0
2025-02-03,A_wo_USD_index,MV,-0.010909616985678688,1.5465268217584178
2025-02-03,A_wo_USD_index,EW,-0.0028903788532899403,0.0
2025-03-03,A_wo_USD_index,MV,-0.04487483780304696,1.059982450749894
2025-03-03,A_wo_USD_index,EW,-0.0183487966513239,0.0
2025-04-01,A_wo_USD_index,MV,-0.0060096771087429016,1.1990555485898178
2025-04-01,A_wo_USD_index,EW,-0.022014161689891905,0.0
2025-05-01,A_wo_USD_index,MV,0.06223287094535946,7.107508968305406e-16
2025-05-01,A_wo_USD_index,EW,0.04211975394351322,0.0
2025-06-02,A_wo_USD_index,MV,0.033837415659757064,0.9358263169677271
2025-06-02,A_wo_USD_index,EW,0.03313244686378299,0.0
2025-07-01,A_wo_USD_index,MV,-0.015219054986076124,0.9358263169677269
2025-07-01,A_wo_USD_index,EW,-0.006783136422818118,0.0
2025-08-01,A_wo_USD_index,MV,0.0490352245396577,2.0
2025-08-01,A_wo_USD_index,EW,0.02969538664197305,0.0
2025-09-02,A_wo_USD_index,MV,0.02800756975677785,2.0
2025-09-02,A_wo_USD_index,EW,0.026727707449928022,0.0
2025-10-01,A_wo_USD_index,MV,0.0019045948522063072,1.460135280002823
2025-10-01,A_wo_USD_index,EW,-0.0071567412503295924,0.0
2025-11-03,A_wo_USD_index,MV,0.034136684070639994,1.5792499177801391
2025-11-03,A_wo_USD_index,EW,0.012454152058926336,0.0
2025-12-01,A_wo_USD_index,MV,0.00047883331722088515,1.5792499177801396
2025-12-01,A_wo_USD_index,EW,0.012699321496240019,0.0
2026-01-02,A_wo_USD_index,MV,-0.008433863715634612,0.7016561930089898
2026-01-02,A_wo_USD_index,EW,0.033466784394076785,0.0
2026-02-02,A_wo_USD_index,MV,0.02418583982917912,2.0
2026-02-02,A_wo_USD_index,EW,0.03392435867260535,0.0
2026-03-02,A_wo_USD_index,MV,-0.07830062718835985,2.0
2026-03-02,A_wo_USD_index,EW,-0.04283567895860119,0.0
2026-04-01,A_wo_USD_index,MV,0.048731693320744646,1.9999999999999998
2026-04-01,A_wo_USD_index,EW,0.050442608608225685,0.0
2026-05-01,A_wo_USD_index,MV,0.027123086314178903,1.9573270607437374
2026-05-01,A_wo_USD_index,EW,0.00399925171495896,0.0
2026-06-01,A_wo_USD_index,MV,-0.05066751739965391,1.9092646780586326
2026-06-01,A_wo_USD_index,EW,0.013910275275995613,0.0
2026-07-01,A_wo_USD_index,MV,0.022014676946237835,2.0
2026-07-01,A_wo_USD_index,EW,0.009182019030125197,0.0
2023-01-03,A_wo_Gold,MV,0.036489342233003486,0.0
2023-01-03,A_wo_Gold,EW,0.07096195156044893,0.0
2023-02-01,A_wo_Gold,MV,-0.06252658245264989,1.053306143862416
2023-02-01,A_wo_Gold,EW,-0.04310596081417419,0.0
2023-03-01,A_wo_Gold,MV,-0.037851492580883155,1.7715759710778738
2023-03-01,A_wo_Gold,EW,0.0287940194733109,0.0
2023-04-03,A_wo_Gold,MV,0.023912685168901514,1.771575971077874
2023-04-03,A_wo_Gold,EW,0.008719424013100118,0.0
2023-05-01,A_wo_Gold,MV,-0.0357435577975092,1.6657384255306436
2023-05-01,A_wo_Gold,EW,-0.017791138120555137,0.0
2023-06-01,A_wo_Gold,MV,0.09607877394675712,2.000000000000001
2023-06-01,A_wo_Gold,EW,0.0621683630780016,0.0
2023-07-03,A_wo_Gold,MV,0.03201482849740313,2.0000000000000013
2023-07-03,A_wo_Gold,EW,0.025573204645727557,0.0
2023-08-01,A_wo_Gold,MV,-0.02633580339789406,1.106912275553335
2023-08-01,A_wo_Gold,EW,-0.016914479066609884,0.0
2023-09-01,A_wo_Gold,MV,-0.04856069190707463,1.7660376986772766
2023-09-01,A_wo_Gold,EW,-0.05383637851263996,0.0
2023-10-02,A_wo_Gold,MV,0.020031109591853752,2.0000000000000013
2023-10-02,A_wo_Gold,EW,-0.008640243909215382,0.0
2023-11-01,A_wo_Gold,MV,0.09526903377748643,2.0000000000000004
2023-11-01,A_wo_Gold,EW,0.08105475080906545,0.0
2023-12-01,A_wo_Gold,MV,0.04116682343440676,2.0000000000000004
2023-12-01,A_wo_Gold,EW,0.03669573178512339,0.0
2024-01-02,A_wo_Gold,MV,0.026658376043762977,0.9552671032726806
2024-01-02,A_wo_Gold,EW,0.0092171690623368,0.0
2024-02-01,A_wo_Gold,MV,0.01876165268595728,0.17585924476354173
2024-02-01,A_wo_Gold,EW,0.035166574472828054,0.0
2024-03-01,A_wo_Gold,MV,0.026446081241059273,1.218532491935811
2024-03-01,A_wo_Gold,EW,0.029960419669224816,0.0
2024-04-01,A_wo_Gold,MV,-0.03640953339426653,1.4635737741169685
2024-04-01,A_wo_Gold,EW,-0.034491189912724915,0.0
2024-05-01,A_wo_Gold,MV,0.05071886982496658,1.8104537112046761
2024-05-01,A_wo_Gold,EW,0.033352066252752714,0.0
2024-06-03,A_wo_Gold,MV,0.05081892208442703,2.0
2024-06-03,A_wo_Gold,EW,0.006652549227674755,0.0
2024-07-01,A_wo_Gold,MV,0.009847793918349675,2.0
2024-07-01,A_wo_Gold,EW,0.031094113717278417,0.0
2024-08-01,A_wo_Gold,MV,-0.0020413089188651133,2.0
2024-08-01,A_wo_Gold,EW,0.021042416771090745,0.0
2024-09-03,A_wo_Gold,MV,0.025546019273972053,0.908767611846469
2024-09-03,A_wo_Gold,EW,0.035699875236592044,0.0
2024-10-01,A_wo_Gold,MV,-0.005136656593203257,2.0
2024-10-01,A_wo_Gold,EW,-0.011964324085365552,0.0
2024-11-01,A_wo_Gold,MV,0.05860606534514025,1.5148482737840574
2024-11-01,A_wo_Gold,EW,0.05491351261629354,0.0
2024-12-02,A_wo_Gold,MV,-0.01690461689987601,1.5148482737840574
2024-12-02,A_wo_Gold,EW,-0.054881188223323996,0.0
2025-01-02,A_wo_Gold,MV,0.05468750623764373,6.019652575104116e-16
2025-01-02,A_wo_Gold,EW,0.036316120881119726,0.0
2025-02-03,A_wo_Gold,MV,-0.02449079594391306,0.8845166043488741
2025-02-03,A_wo_Gold,EW,-0.0028903788532899403,0.0
2025-03-03,A_wo_Gold,MV,-0.04458269044871402,0.31720502950629076
2025-03-03,A_wo_Gold,EW,-0.0183487966513239,0.0
2025-04-01,A_wo_Gold,MV,-0.0060096771087428955,1.0971373952217305
2025-04-01,A_wo_Gold,EW,-0.022014161689891905,0.0
2025-05-01,A_wo_Gold,MV,0.062232870945359446,5.360372470480082e-16
2025-05-01,A_wo_Gold,EW,0.04211975394351322,0.0
2025-06-02,A_wo_Gold,MV,0.02606354127393344,1.7249985387548232
2025-06-02,A_wo_Gold,EW,0.03313244686378299,0.0
2025-07-01,A_wo_Gold,MV,-0.019433493567815284,1.3957099220881966
2025-07-01,A_wo_Gold,EW,-0.006783136422818118,0.0
2025-08-01,A_wo_Gold,MV,0.049035224539657696,1.6707113833333735
2025-08-01,A_wo_Gold,EW,0.02969538664197305,0.0
2025-09-02,A_wo_Gold,MV,0.01315351428967316,2.000000000000001
2025-09-02,A_wo_Gold,EW,0.026727707449928022,0.0
2025-10-01,A_wo_Gold,MV,-0.015119962279039691,0.7003383461208068
2025-10-01,A_wo_Gold,EW,-0.0071567412503295924,0.0
2025-11-03,A_wo_Gold,MV,0.02747392743383062,0.9947128198361201
2025-11-03,A_wo_Gold,EW,0.012454152058926336,0.0
2025-12-01,A_wo_Gold,MV,-0.008851952428626964,1.689473527273194
2025-12-01,A_wo_Gold,EW,0.012699321496240019,0.0
2026-01-02,A_wo_Gold,MV,-0.0017005270416472172,0.24058443008220798
2026-01-02,A_wo_Gold,EW,0.033466784394076785,0.0
2026-02-02,A_wo_Gold,MV,0.02335398787503335,1.9449672897791173
2026-02-02,A_wo_Gold,EW,0.03392435867260535,0.0
2026-03-02,A_wo_Gold,MV,-0.07671199675243959,1.7939576811606077
2026-03-02,A_wo_Gold,EW,-0.04283567895860119,0.0
2026-04-01,A_wo_Gold,MV,0.05348459843550475,2.000000000000001
2026-04-01,A_wo_Gold,EW,0.050442608608225685,0.0
2026-05-01,A_wo_Gold,MV,0.018462249912499992,2.0000000000000004
2026-05-01,A_wo_Gold,EW,0.00399925171495896,0.0
2026-06-01,A_wo_Gold,MV,-0.050667517399653916,2.0000000000000004
2026-06-01,A_wo_Gold,EW,0.013910275275995613,0.0
2026-07-01,A_wo_Gold,MV,0.010814771749242775,2.0000000000000004
2026-07-01,A_wo_Gold,EW,0.009182019030125197,0.0
2023-01-03,A_wo_US10Y_yield,MV,0.03183468901546099,0.0
2023-01-03,A_wo_US10Y_yield,EW,0.07096195156044893,0.0
2023-02-01,A_wo_US10Y_yield,MV,-0.06197533766089477,1.5772210918491614
2023-02-01,A_wo_US10Y_yield,EW,-0.04310596081417419,0.0
2023-03-01,A_wo_US10Y_yield,MV,0.020756471600683685,1.7854711145449527
2023-03-01,A_wo_US10Y_yield,EW,0.0287940194733109,0.0
2023-04-03,A_wo_US10Y_yield,MV,0.023546910619216977,1.5874491202863896
2023-04-03,A_wo_US10Y_yield,EW,0.008719424013100118,0.0
2023-05-01,A_wo_US10Y_yield,MV,-0.05299185844470704,1.0706573997029818
2023-05-01,A_wo_US10Y_yield,EW,-0.017791138120555137,0.0
2023-06-01,A_wo_US10Y_yield,MV,0.09499036578038399,2.000000000000001
2023-06-01,A_wo_US10Y_yield,EW,0.0621683630780016,0.0
2023-07-03,A_wo_US10Y_yield,MV,0.029561023453459435,2.000000000000001
2023-07-03,A_wo_US10Y_yield,EW,0.025573204645727557,0.0
2023-08-01,A_wo_US10Y_yield,MV,-0.022157918181480156,1.0189794813594883
2023-08-01,A_wo_US10Y_yield,EW,-0.016914479066609884,0.0
2023-09-01,A_wo_US10Y_yield,MV,-0.04625530922773559,1.9999999999999996
2023-09-01,A_wo_US10Y_yield,EW,-0.05383637851263996,0.0
2023-10-02,A_wo_US10Y_yield,MV,0.07439046329705246,2.0
2023-10-02,A_wo_US10Y_yield,EW,-0.008640243909215382,0.0
2023-11-01,A_wo_US10Y_yield,MV,0.09698411733784443,2.0000000000000004
2023-11-01,A_wo_US10Y_yield,EW,0.08105475080906545,0.0
2023-12-01,A_wo_US10Y_yield,MV,0.03503158244323849,1.9999999999999996
2023-12-01,A_wo_US10Y_yield,EW,0.03669573178512339,0.0
2024-01-02,A_wo_US10Y_yield,MV,0.023155430934234545,0.8508157606063893
2024-01-02,A_wo_US10Y_yield,EW,0.0092171690623368,0.0
2024-02-01,A_wo_US10Y_yield,MV,0.024120983850264843,0.4674740305033589
2024-02-01,A_wo_US10Y_yield,EW,0.035166574472828054,0.0
2024-03-01,A_wo_US10Y_yield,MV,0.023571697230307043,0.9497287716560103
2024-03-01,A_wo_US10Y_yield,EW,0.029960419669224816,0.0
2024-04-01,A_wo_US10Y_yield,MV,-0.03814098214381388,1.2429390544583452
2024-04-01,A_wo_US10Y_yield,EW,-0.034491189912724915,0.0
2024-05-01,A_wo_US10Y_yield,MV,0.06375660937989293,1.6222245906212247
2024-05-01,A_wo_US10Y_yield,EW,0.033352066252752714,0.0
2024-06-03,A_wo_US10Y_yield,MV,0.04309954444597653,1.9999999999999993
2024-06-03,A_wo_US10Y_yield,EW,0.006652549227674755,0.0
2024-07-01,A_wo_US10Y_yield,MV,0.009847793918349682,1.9999999999999996
2024-07-01,A_wo_US10Y_yield,EW,0.031094113717278417,0.0
2024-08-01,A_wo_US10Y_yield,MV,-0.0020413089188651124,2.0
2024-08-01,A_wo_US10Y_yield,EW,0.021042416771090745,0.0
2024-09-03,A_wo_US10Y_yield,MV,0.04008606822761769,0.36151817455172214
2024-09-03,A_wo_US10Y_yield,EW,0.035699875236592044,0.0
2024-10-01,A_wo_US10Y_yield,MV,0.025077378863232424,1.6384818254482783
2024-10-01,A_wo_US10Y_yield,EW,-0.011964324085365552,0.0
2024-11-01,A_wo_US10Y_yield,MV,0.055430157956033746,1.8335582356905842
2024-11-01,A_wo_US10Y_yield,EW,0.05491351261629354,0.0
2024-12-02,A_wo_US10Y_yield,MV,-0.016904616899876036,1.8335582356905846
2024-12-02,A_wo_US10Y_yield,EW,-0.054881188223323996,0.0
2025-01-02,A_wo_US10Y_yield,MV,0.05468750623764374,1.2107448524178754e-15
2025-01-02,A_wo_US10Y_yield,EW,0.036316120881119726,0.0
2025-02-03,A_wo_US10Y_yield,MV,-0.00875341856564861,1.1759968227158437
2025-02-03,A_wo_US10Y_yield,EW,-0.0028903788532899403,0.0
2025-03-03,A_wo_US10Y_yield,MV,-0.045948142495662835,1.1954264041474656
2025-03-03,A_wo_US10Y_yield,EW,-0.0183487966513239,0.0
2025-04-01,A_wo_US10Y_yield,MV,-0.006009677108742897,1.5734872545434362
2025-04-01,A_wo_US10Y_yield,EW,-0.022014161689891905,0.0
2025-05-01,A_wo_US10Y_yield,MV,0.06223287094535947,3.7197130464549337e-16
2025-05-01,A_wo_US10Y_yield,EW,0.04211975394351322,0.0
2025-06-02,A_wo_US10Y_yield,MV,0.04658859946776976,0.46787359916965765
2025-06-02,A_wo_US10Y_yield,EW,0.03313244686378299,0.0
2025-07-01,A_wo_US10Y_yield,MV,-0.01811815030773972,0.46787359916965787
2025-07-01,A_wo_US10Y_yield,EW,-0.006783136422818118,0.0
2025-08-01,A_wo_US10Y_yield,MV,0.048690103293941224,1.1809421242044367
2025-08-01,A_wo_US10Y_yield,EW,0.02969538664197305,0.0
2025-09-02,A_wo_US10Y_yield,MV,0.038259813316109254,1.407458437003886
2025-09-02,A_wo_US10Y_yield,EW,0.026727707449928022,0.0
2025-10-01,A_wo_US10Y_yield,MV,-0.0064119973433936165,1.015014259303777
2025-10-01,A_wo_US10Y_yield,EW,-0.0071567412503295924,0.0
2025-11-03,A_wo_US10Y_yield,MV,0.02115893878382926,1.0360989428874028
2025-11-03,A_wo_US10Y_yield,EW,0.012454152058926336,0.0
2025-12-01,A_wo_US10Y_yield,MV,-0.000106486999669572,1.1147851025082574
2025-12-01,A_wo_US10Y_yield,EW,0.012699321496240019,0.0
2026-01-02,A_wo_US10Y_yield,MV,-0.009040247959745363,0.7413126328378409
2026-01-02,A_wo_US10Y_yield,EW,0.033466784394076785,0.0
2026-02-02,A_wo_US10Y_yield,MV,0.021032152887544755,2.0
2026-02-02,A_wo_US10Y_yield,EW,0.03392435867260535,0.0
2026-03-02,A_wo_US10Y_yield,MV,-0.06857787248965008,1.887528891148364
2026-03-02,A_wo_US10Y_yield,EW,-0.04283567895860119,0.0
2026-04-01,A_wo_US10Y_yield,MV,0.04746541817602618,1.4640121113011213
2026-04-01,A_wo_US10Y_yield,EW,0.050442608608225685,0.0
2026-05-01,A_wo_US10Y_yield,MV,0.07570942824843468,2.0000000000000004
2026-05-01,A_wo_US10Y_yield,EW,0.00399925171495896,0.0
2026-06-01,A_wo_US10Y_yield,MV,-0.05066751739965391,1.385595278838696
2026-06-01,A_wo_US10Y_yield,EW,0.013910275275995613,0.0
2026-07-01,A_wo_US10Y_yield,MV,0.023461763264836517,1.9999999999999998
2026-07-01,A_wo_US10Y_yield,EW,0.009182019030125197,0.0
2023-01-03,A_wo_VIX_volatility,MV,0.03340500028712783,0.0
2023-01-03,A_wo_VIX_volatility,EW,0.07096195156044893,0.0
2023-02-01,A_wo_VIX_volatility,MV,-0.06742021288717387,0.8590389943100497
2023-02-01,A_wo_VIX_volatility,EW,-0.04310596081417419,0.0
2023-03-01,A_wo_VIX_volatility,MV,-0.007738146072682993,1.7827092596646645
2023-03-01,A_wo_VIX_volatility,EW,0.0287940194733109,0.0
2023-04-03,A_wo_VIX_volatility,MV,0.011004420173658307,1.3258496332032335
2023-04-03,A_wo_VIX_volatility,EW,0.008719424013100118,0.0
2023-05-01,A_wo_VIX_volatility,MV,-0.034926748559759774,1.9520139441191702
2023-05-01,A_wo_VIX_volatility,EW,-0.017791138120555137,0.0
2023-06-01,A_wo_VIX_volatility,MV,0.08297435342655303,2.0000000000000004
2023-06-01,A_wo_VIX_volatility,EW,0.0621683630780016,0.0
2023-07-03,A_wo_VIX_volatility,MV,0.029737000087738594,2.0
2023-07-03,A_wo_VIX_volatility,EW,0.025573204645727557,0.0
2023-08-01,A_wo_VIX_volatility,MV,-0.025335316777723618,1.0905244071141869
2023-08-01,A_wo_VIX_volatility,EW,-0.016914479066609884,0.0
2023-09-01,A_wo_VIX_volatility,MV,-0.044214921108183834,1.854273003375527
2023-09-01,A_wo_VIX_volatility,EW,-0.05383637851263996,0.0
2023-10-02,A_wo_VIX_volatility,MV,0.035492733602242275,2.0000000000000004
2023-10-02,A_wo_VIX_volatility,EW,-0.008640243909215382,0.0
2023-11-01,A_wo_VIX_volatility,MV,0.07433272826640491,1.2493513031713288
2023-11-01,A_wo_VIX_volatility,EW,0.08105475080906545,0.0
2023-12-01,A_wo_VIX_volatility,MV,0.03509100250925796,2.0
2023-12-01,A_wo_VIX_volatility,EW,0.03669573178512339,0.0
2024-01-02,A_wo_VIX_volatility,MV,0.026240241770665765,0.9286046139042978
2024-01-02,A_wo_VIX_volatility,EW,0.0092171690623368,0.0
2024-02-01,A_wo_VIX_volatility,MV,0.014735203232351798,0.4566256273918723
2024-02-01,A_wo_VIX_volatility,EW,0.035166574472828054,0.0
2024-03-01,A_wo_VIX_volatility,MV,0.026761297619261194,0.8822068718053364
2024-03-01,A_wo_VIX_volatility,EW,0.029960419669224816,0.0
2024-04-01,A_wo_VIX_volatility,MV,-0.03910686487564846,0.9453379999718392
2024-04-01,A_wo_VIX_volatility,EW,-0.034491189912724915,0.0
2024-05-01,A_wo_VIX_volatility,MV,0.06375660937989293,1.3965676254678117
2024-05-01,A_wo_VIX_volatility,EW,0.033352066252752714,0.0
2024-06-03,A_wo_VIX_volatility,MV,0.039365340925294416,1.9999999999999993
2024-06-03,A_wo_VIX_volatility,EW,0.006652549227674755,0.0
2024-07-01,A_wo_VIX_volatility,MV,0.009847793918349671,1.9999999999999996
2024-07-01,A_wo_VIX_volatility,EW,0.031094113717278417,0.0
2024-08-01,A_wo_VIX_volatility,MV,0.017782569765726768,1.4852756683685215
2024-08-01,A_wo_VIX_volatility,EW,0.021042416771090745,0.0
2024-09-03,A_wo_VIX_volatility,MV,0.04681325386954996,0.6924911872226538
2024-09-03,A_wo_VIX_volatility,EW,0.035699875236592044,0.0
2024-10-01,A_wo_VIX_volatility,MV,0.025598955263212833,1.2933364787081936
2024-10-01,A_wo_VIX_volatility,EW,-0.011964324085365552,0.0
2024-11-01,A_wo_VIX_volatility,MV,0.07370474595860556,0.6428502003301578
2024-11-01,A_wo_VIX_volatility,EW,0.05491351261629354,0.0
2024-12-02,A_wo_VIX_volatility,MV,-0.016904616899876,0.2882951236068848
2024-12-02,A_wo_VIX_volatility,EW,-0.054881188223323996,0.0
2025-01-02,A_wo_VIX_volatility,MV,0.05468750623764373,9.032356303479727e-16
2025-01-02,A_wo_VIX_volatility,EW,0.036316120881119726,0.0
2025-02-03,A_wo_VIX_volatility,MV,-0.008080196680615416,1.4875613866115414
2025-02-03,A_wo_VIX_volatility,EW,-0.0028903788532899403,0.0
2025-03-03,A_wo_VIX_volatility,MV,-0.042810361949559325,1.0087162508146017
2025-03-03,A_wo_VIX_volatility,EW,-0.0183487966513239,0.0
2025-04-01,A_wo_VIX_volatility,MV,-0.006009677108742895,0.4788451357969407
2025-04-01,A_wo_VIX_volatility,EW,-0.022014161689891905,0.0
2025-05-01,A_wo_VIX_volatility,MV,0.05434362289439979,0.666079385860075
2025-05-01,A_wo_VIX_volatility,EW,0.04211975394351322,0.0
2025-06-02,A_wo_VIX_volatility,MV,0.03309871825790976,0.9744861488520803
2025-06-02,A_wo_VIX_volatility,EW,0.03313244686378299,0.0
2025-07-01,A_wo_VIX_volatility,MV,-0.025036371343063232,0.6056305290031401
2025-07-01,A_wo_VIX_volatility,EW,-0.006783136422818118,0.0
2025-08-01,A_wo_VIX_volatility,MV,0.049035224539657696,1.0769447573174922
2025-08-01,A_wo_VIX_volatility,EW,0.02969538664197305,0.0
2025-09-02,A_wo_VIX_volatility,MV,0.011631003919591569,1.9999999999999998
2025-09-02,A_wo_VIX_volatility,EW,0.026727707449928022,0.0
2025-10-01,A_wo_VIX_volatility,MV,0.00040568839468581227,1.542605349386532
2025-10-01,A_wo_VIX_volatility,EW,-0.0071567412503295924,0.0
2025-11-03,A_wo_VIX_volatility,MV,0.02783312572661191,1.3021866460683502
2025-11-03,A_wo_VIX_volatility,EW,0.012454152058926336,0.0
2025-12-01,A_wo_VIX_volatility,MV,-0.0008150446180697435,1.2558036450453565
2025-12-01,A_wo_VIX_volatility,EW,0.012699321496240019,0.0
2026-01-02,A_wo_VIX_volatility,MV,0.0033064181486194295,0.8480454429773735
2026-01-02,A_wo_VIX_volatility,EW,0.033466784394076785,0.0
2026-02-02,A_wo_VIX_volatility,MV,0.018598999361324194,2.0
2026-02-02,A_wo_VIX_volatility,EW,0.03392435867260535,0.0
2026-03-02,A_wo_VIX_volatility,MV,-0.07830062718835985,1.7487800725856402
2026-03-02,A_wo_VIX_volatility,EW,-0.04283567895860119,0.0
2026-04-01,A_wo_VIX_volatility,MV,0.04696948160076302,0.8825428599445695
2026-04-01,A_wo_VIX_volatility,EW,0.050442608608225685,0.0
2026-05-01,A_wo_VIX_volatility,MV,0.014774091152220923,2.0000000000000004
2026-05-01,A_wo_VIX_volatility,EW,0.00399925171495896,0.0
2026-06-01,A_wo_VIX_volatility,MV,-0.05066751739965394,1.9910549332458998
2026-06-01,A_wo_VIX_volatility,EW,0.013910275275995613,0.0
2026-07-01,A_wo_VIX_volatility,MV,0.014807567276688595,2.0
2026-07-01,A_wo_VIX_volatility,EW,0.009182019030125197,0.0
